-- phpMyAdmin SQL Dump
-- version 5.2.1
-- https://www.phpmyadmin.net/
--
-- Servidor: 127.0.0.1
-- Tiempo de generación: 11-04-2026 a las 22:02:57
-- Versión del servidor: 10.4.32-MariaDB
-- Versión de PHP: 8.2.12

SET SQL_MODE = "NO_AUTO_VALUE_ON_ZERO";
START TRANSACTION;
SET time_zone = "+00:00";


/*!40101 SET @OLD_CHARACTER_SET_CLIENT=@@CHARACTER_SET_CLIENT */;
/*!40101 SET @OLD_CHARACTER_SET_RESULTS=@@CHARACTER_SET_RESULTS */;
/*!40101 SET @OLD_COLLATION_CONNECTION=@@COLLATION_CONNECTION */;
/*!40101 SET NAMES utf8mb4 */;

--
-- Base de datos: `tc2005b_portafolio`
--

-- --------------------------------------------------------

--
-- Estructura de tabla para la tabla `permisos`
--

CREATE TABLE `permisos` (
  `id` int(11) NOT NULL,
  `nombre` varchar(50) NOT NULL
) ENGINE=InnoDB DEFAULT CHARSET=utf8mb4 COLLATE=utf8mb4_general_ci;

--
-- Volcado de datos para la tabla `permisos`
--

INSERT INTO `permisos` (`id`, `nombre`) VALUES
(1, 'ver_labs'),
(2, 'ver_usuarios');

-- --------------------------------------------------------

--
-- Estructura de tabla para la tabla `roles`
--

CREATE TABLE `roles` (
  `id` int(11) NOT NULL,
  `nombre` varchar(50) NOT NULL
) ENGINE=InnoDB DEFAULT CHARSET=utf8mb4 COLLATE=utf8mb4_general_ci;

--
-- Volcado de datos para la tabla `roles`
--

INSERT INTO `roles` (`id`, `nombre`) VALUES
(1, 'admin'),
(2, 'usuario');

-- --------------------------------------------------------

--
-- Estructura de tabla para la tabla `roles_permisos`
--

CREATE TABLE `roles_permisos` (
  `rol_id` int(11) NOT NULL,
  `permiso_id` int(11) NOT NULL
) ENGINE=InnoDB DEFAULT CHARSET=utf8mb4 COLLATE=utf8mb4_general_ci;

--
-- Volcado de datos para la tabla `roles_permisos`
--

INSERT INTO `roles_permisos` (`rol_id`, `permiso_id`) VALUES
(1, 1),
(1, 2),
(2, 1);

-- --------------------------------------------------------

--
-- Estructura de tabla para la tabla `users`
--

CREATE TABLE `users` (
  `id` int(11) NOT NULL,
  `username` varchar(50) NOT NULL,
  `password` varchar(100) NOT NULL,
  `nombre` varchar(100) NOT NULL DEFAULT ''
) ENGINE=InnoDB DEFAULT CHARSET=utf8mb4 COLLATE=utf8mb4_general_ci;

--
-- Volcado de datos para la tabla `users`
--

INSERT INTO `users` (`id`, `username`, `password`, `nombre`) VALUES
(5, 'admin', '$2b$12$3i1XPCJ0Jmilwy75oC24BulYG1SWyYq1GgZM0gsXxDKf.cPZ.bqgS', 'admin'),
(6, 'p1', '$2b$12$DC09yvkps8ODqstKyYF9Qe76fi3tHjc3x0V6RKge/s2a/Zloj.xxS', 'prueba 1'),
(7, 'p2', '$2b$12$oL6arqlVWiYxXxt1bjKzhuoZpjwtt5mYfawYjmfq8Y0mRovXZelcW', 'prueba 2'),
(8, '1', '$2b$12$l8Y40H3kKdfCnFBXRAj9/OOsc5Zn6YHvKqcLeKLJr6yx8vCRLEwmW', 'jeanpaul');

-- --------------------------------------------------------

--
-- Estructura de tabla para la tabla `users_roles`
--

CREATE TABLE `users_roles` (
  `user_id` int(11) NOT NULL,
  `rol_id` int(11) NOT NULL
) ENGINE=InnoDB DEFAULT CHARSET=utf8mb4 COLLATE=utf8mb4_general_ci;

--
-- Volcado de datos para la tabla `users_roles`
--

INSERT INTO `users_roles` (`user_id`, `rol_id`) VALUES
(5, 1),
(6, 2),
(7, 2);

--
-- Índices para tablas volcadas
--

--
-- Indices de la tabla `permisos`
--
ALTER TABLE `permisos`
  ADD PRIMARY KEY (`id`);

--
-- Indices de la tabla `roles`
--
ALTER TABLE `roles`
  ADD PRIMARY KEY (`id`);

--
-- Indices de la tabla `roles_permisos`
--
ALTER TABLE `roles_permisos`
  ADD PRIMARY KEY (`rol_id`,`permiso_id`),
  ADD KEY `permiso_id` (`permiso_id`);

--
-- Indices de la tabla `users`
--
ALTER TABLE `users`
  ADD PRIMARY KEY (`id`),
  ADD UNIQUE KEY `username` (`username`);

--
-- Indices de la tabla `users_roles`
--
ALTER TABLE `users_roles`
  ADD PRIMARY KEY (`user_id`,`rol_id`),
  ADD KEY `rol_id` (`rol_id`);

--
-- AUTO_INCREMENT de las tablas volcadas
--

--
-- AUTO_INCREMENT de la tabla `permisos`
--
ALTER TABLE `permisos`
  MODIFY `id` int(11) NOT NULL AUTO_INCREMENT, AUTO_INCREMENT=3;

--
-- AUTO_INCREMENT de la tabla `roles`
--
ALTER TABLE `roles`
  MODIFY `id` int(11) NOT NULL AUTO_INCREMENT, AUTO_INCREMENT=3;

--
-- AUTO_INCREMENT de la tabla `users`
--
ALTER TABLE `users`
  MODIFY `id` int(11) NOT NULL AUTO_INCREMENT, AUTO_INCREMENT=10;

--
-- Restricciones para tablas volcadas
--

--
-- Filtros para la tabla `roles_permisos`
--
ALTER TABLE `roles_permisos`
  ADD CONSTRAINT `roles_permisos_ibfk_1` FOREIGN KEY (`rol_id`) REFERENCES `roles` (`id`),
  ADD CONSTRAINT `roles_permisos_ibfk_2` FOREIGN KEY (`permiso_id`) REFERENCES `permisos` (`id`);

--
-- Filtros para la tabla `users_roles`
--
ALTER TABLE `users_roles`
  ADD CONSTRAINT `users_roles_ibfk_1` FOREIGN KEY (`user_id`) REFERENCES `users` (`id`),
  ADD CONSTRAINT `users_roles_ibfk_2` FOREIGN KEY (`rol_id`) REFERENCES `roles` (`id`);
COMMIT;

/*!40101 SET CHARACTER_SET_CLIENT=@OLD_CHARACTER_SET_CLIENT */;
/*!40101 SET CHARACTER_SET_RESULTS=@OLD_CHARACTER_SET_RESULTS */;
/*!40101 SET COLLATION_CONNECTION=@OLD_COLLATION_CONNECTION */;
